ward_id,past_incidents,data_source
D001,4,Historical Flooding Proxy (MCD + Media)
D002,4,Historical Flooding Proxy (MCD + Media)
D003,4,Historical Flooding Proxy (MCD + Media)
D004,4,Historical Flooding Proxy (MCD + Media)
D005,4,Historical Flooding Proxy (MCD + Media)
D006,5,Historical Flooding Proxy (MCD + Media)
D007,5,Historical Flooding Proxy (MCD + Media)
D008,5,Historical Flooding Proxy (MCD + Media)
D009,5,Historical Flooding Proxy (MCD + Media)
D010,5,Historical Flooding Proxy (MCD + Media)
D011,5,Historical Flooding Proxy (MCD + Media)
D012,5,Historical Flooding Proxy (MCD + Media)
D013,5,Historical Flooding Proxy (MCD + Media)
D014,5,Historical Flooding Proxy (MCD + Media)
D015,5,Historical Flooding Proxy (MCD + Media)
D016,5,Historical Flooding Proxy (MCD + Media)
D017,5,Historical Flooding Proxy (MCD + Media)
D018,5,Historical Flooding Proxy (MCD + Media)
D019,5,Historical Flooding Proxy (MCD + Media)
D020,5,Historical Flooding Proxy (MCD + Media)
D021,3,Historical Flooding Proxy (MCD + Media)
D022,3,Historical Flooding Proxy (MCD + Media)
D023,3,Historical Flooding Proxy (MCD + Media)
D024,3,Historical Flooding Proxy (MCD + Media)
D025,3,Historical Flooding Proxy (MCD + Media)
D026,4,Historical Flooding Proxy (MCD + Media)
D027,4,Historical Flooding Proxy (MCD + Media)
D028,4,Historical Flooding Proxy (MCD + Media)
D029,4,Historical Flooding Proxy (MCD + Media)
D030,4,Historical Flooding Proxy (MCD + Media)
D031,4,Historical Flooding Proxy (MCD + Media)
D032,4,Historical Flooding Proxy (MCD + Media)
D033,4,Historical Flooding Proxy (MCD + Media)
D034,4,Historical Flooding Proxy (MCD + Media)
D035,4,Historical Flooding Proxy (MCD + Media)
D036,4,Historical Flooding Proxy (MCD + Media)
D037,3,Historical Flooding Proxy (MCD + Media)
D038,3,Historical Flooding Proxy (MCD + Media)
D039,3,Historical Flooding Proxy (MCD + Media)
D040,3,Historical Flooding Proxy (MCD + Media)
D041,3,Historical Flooding Proxy (MCD + Media)
D042,3,Historical Flooding Proxy (MCD + Media)
D043,3,Historical Flooding Proxy (MCD + Media)
D044,3,Historical Flooding Proxy (MCD + Media)
D045,3,Historical Flooding Proxy (MCD + Media)
D046,3,Historical Flooding Proxy (MCD + Media)
D047,3,Historical Flooding Proxy (MCD + Media)
D048,3,Historical Flooding Proxy (MCD + Media)
D049,3,Historical Flooding Proxy (MCD + Media)
D050,3,Historical Flooding Proxy (MCD + Media)
D051,3,Historical Flooding Proxy (MCD + Media)
D052,3,Historical Flooding Proxy (MCD + Media)
D053,3,Historical Flooding Proxy (MCD + Media)
D054,3,Historical Flooding Proxy (MCD + Media)
D055,4,Historical Flooding Proxy (MCD + Media)
D056,4,Historical Flooding Proxy (MCD + Media)
D057,4,Historical Flooding Proxy (MCD + Media)
D058,4,Historical Flooding Proxy (MCD + Media)
D059,4,Historical Flooding Proxy (MCD + Media)
D060,4,Historical Flooding Proxy (MCD + Media)
D061,4,Historical Flooding Proxy (MCD + Media)
D062,4,Historical Flooding Proxy (MCD + Media)
D063,4,Historical Flooding Proxy (MCD + Media)
D064,4,Historical Flooding Proxy (MCD + Media)
D065,4,Historical Flooding Proxy (MCD + Media)
D066,4,Historical Flooding Proxy (MCD + Media)
D067,4,Historical Flooding Proxy (MCD + Media)
D068,4,Historical Flooding Proxy (MCD + Media)
D069,4,Historical Flooding Proxy (MCD + Media)
D070,8,Historical Flooding Proxy (MCD + Media)
D071,8,Historical Flooding Proxy (MCD + Media)
D072,8,Historical Flooding Proxy (MCD + Media)
D073,8,Historical Flooding Proxy (MCD + Media)
D074,8,Historical Flooding Proxy (MCD + Media)
D075,8,Historical Flooding Proxy (MCD + Media)
D076,8,Historical Flooding Proxy (MCD + Media)
D077,8,Historical Flooding Proxy (MCD + Media)
D078,8,Historical Flooding Proxy (MCD + Media)
D079,8,Historical Flooding Proxy (MCD + Media)
D080,8,Historical Flooding Proxy (MCD + Media)
D081,8,Historical Flooding Proxy (MCD + Media)
D082,7,Historical Flooding Proxy (MCD + Media)
D083,7,Historical Flooding Proxy (MCD + Media)
D084,7,Historical Flooding Proxy (MCD + Media)
D085,7,Historical Flooding Proxy (MCD + Media)
D086,7,Historical Flooding Proxy (MCD + Media)
D087,7,Historical Flooding Proxy (MCD + Media)
D088,7,Historical Flooding Proxy (MCD + Media)
D089,7,Historical Flooding Proxy (MCD + Media)
D090,7,Historical Flooding Proxy (MCD + Media)
D091,7,Historical Flooding Proxy (MCD + Media)
D092,5,Historical Flooding Proxy (MCD + Media)
D093,5,Historical Flooding Proxy (MCD + Media)
D094,5,Historical Flooding Proxy (MCD + Media)
D095,5,Historical Flooding Proxy (MCD + Media)
D096,5,Historical Flooding Proxy (MCD + Media)
D097,5,Historical Flooding Proxy (MCD + Media)
D098,5,Historical Flooding Proxy (MCD + Media)
D099,5,Historical Flooding Proxy (MCD + Media)
D100,5,Historical Flooding Proxy (MCD + Media)
D101,5,Historical Flooding Proxy (MCD + Media)
D102,5,Historical Flooding Proxy (MCD + Media)
D103,5,Historical Flooding Proxy (MCD + Media)
D104,5,Historical Flooding Proxy (MCD + Media)
D105,5,Historical Flooding Proxy (MCD + Media)
D106,5,Historical Flooding Proxy (MCD + Media)
D107,5,Historical Flooding Proxy (MCD + Media)
D108,5,Historical Flooding Proxy (MCD + Media)
D109,5,Historical Flooding Proxy (MCD + Media)
D110,5,Historical Flooding Proxy (MCD + Media)
D111,5,Historical Flooding Proxy (MCD + Media)
D112,5,Historical Flooding Proxy (MCD + Media)
D113,5,Historical Flooding Proxy (MCD + Media)
D114,5,Historical Flooding Proxy (MCD + Media)
D115,5,Historical Flooding Proxy (MCD + Media)
D116,5,Historical Flooding Proxy (MCD + Media)
D117,8,Historical Flooding Proxy (MCD + Media)
D118,8,Historical Flooding Proxy (MCD + Media)
D119,8,Historical Flooding Proxy (MCD + Media)
D120,8,Historical Flooding Proxy (MCD + Media)
D121,8,Historical Flooding Proxy (MCD + Media)
D122,8,Historical Flooding Proxy (MCD + Media)
D123,8,Historical Flooding Proxy (MCD + Media)
D124,8,Historical Flooding Proxy (MCD + Media)
D125,8,Historical Flooding Proxy (MCD + Media)
D126,8,Historical Flooding Proxy (MCD + Media)
D127,8,Historical Flooding Proxy (MCD + Media)
D128,8,Historical Flooding Proxy (MCD + Media)
D129,8,Historical Flooding Proxy (MCD + Media)
D130,8,Historical Flooding Proxy (MCD + Media)
D131,8,Historical Flooding Proxy (MCD + Media)
D132,8,Historical Flooding Proxy (MCD + Media)
D133,8,Historical Flooding Proxy (MCD + Media)
D134,8,Historical Flooding Proxy (MCD + Media)
D135,8,Historical Flooding Proxy (MCD + Media)
D136,8,Historical Flooding Proxy (MCD + Media)
D137,8,Historical Flooding Proxy (MCD + Media)
D138,8,Historical Flooding Proxy (MCD + Media)
D139,7,Historical Flooding Proxy (MCD + Media)
D140,7,Historical Flooding Proxy (MCD + Media)
D141,7,Historical Flooding Proxy (MCD + Media)
D142,6,Historical Flooding Proxy (MCD + Media)
D143,6,Historical Flooding Proxy (MCD + Media)
D144,6,Historical Flooding Proxy (MCD + Media)
D145,6,Historical Flooding Proxy (MCD + Media)
D146,6,Historical Flooding Proxy (MCD + Media)
D147,6,Historical Flooding Proxy (MCD + Media)
D148,2,Historical Flooding Proxy (MCD + Media)
D149,2,Historical Flooding Proxy (MCD + Media)
D150,2,Historical Flooding Proxy (MCD + Media)
D151,2,Historical Flooding Proxy (MCD + Media)
D152,2,Historical Flooding Proxy (MCD + Media)
D153,2,Historical Flooding Proxy (MCD + Media)
D154,2,Historical Flooding Proxy (MCD + Media)
D155,2,Historical Flooding Proxy (MCD + Media)
D156,2,Historical Flooding Proxy (MCD + Media)
D157,2,Historical Flooding Proxy (MCD + Media)
D158,2,Historical Flooding Proxy (MCD + Media)
D159,2,Historical Flooding Proxy (MCD + Media)
D160,2,Historical Flooding Proxy (MCD + Media)
D161,2,Historical Flooding Proxy (MCD + Media)
D162,2,Historical Flooding Proxy (MCD + Media)
D163,2,Historical Flooding Proxy (MCD + Media)
D164,2,Historical Flooding Proxy (MCD + Media)
D165,2,Historical Flooding Proxy (MCD + Media)
D166,2,Historical Flooding Proxy (MCD + Media)
D167,2,Historical Flooding Proxy (MCD + Media)
D168,6,Historical Flooding Proxy (MCD + Media)
D169,6,Historical Flooding Proxy (MCD + Media)
D170,6,Historical Flooding Proxy (MCD + Media)
D171,2,Historical Flooding Proxy (MCD + Media)
D172,2,Historical Flooding Proxy (MCD + Media)
D173,2,Historical Flooding Proxy (MCD + Media)
D174,6,Historical Flooding Proxy (MCD + Media)
D175,6,Historical Flooding Proxy (MCD + Media)
D176,6,Historical Flooding Proxy (MCD + Media)
D177,6,Historical Flooding Proxy (MCD + Media)
D178,6,Historical Flooding Proxy (MCD + Media)
D179,6,Historical Flooding Proxy (MCD + Media)
D180,6,Historical Flooding Proxy (MCD + Media)
D181,6,Historical Flooding Proxy (MCD + Media)
D182,6,Historical Flooding Proxy (MCD + Media)
D183,6,Historical Flooding Proxy (MCD + Media)
D184,6,Historical Flooding Proxy (MCD + Media)
D185,6,Historical Flooding Proxy (MCD + Media)
D186,6,Historical Flooding Proxy (MCD + Media)
D187,6,Historical Flooding Proxy (MCD + Media)
D188,6,Historical Flooding Proxy (MCD + Media)
D189,6,Historical Flooding Proxy (MCD + Media)
D190,7,Historical Flooding Proxy (MCD + Media)
D191,7,Historical Flooding Proxy (MCD + Media)
D192,7,Historical Flooding Proxy (MCD + Media)
D193,7,Historical Flooding Proxy (MCD + Media)
D194,7,Historical Flooding Proxy (MCD + Media)
D195,7,Historical Flooding Proxy (MCD + Media)
D196,7,Historical Flooding Proxy (MCD + Media)
D197,7,Historical Flooding Proxy (MCD + Media)
D198,7,Historical Flooding Proxy (MCD + Media)
D199,7,Historical Flooding Proxy (MCD + Media)
D200,7,Historical Flooding Proxy (MCD + Media)
D201,7,Historical Flooding Proxy (MCD + Media)
D202,7,Historical Flooding Proxy (MCD + Media)
D203,7,Historical Flooding Proxy (MCD + Media)
D204,7,Historical Flooding Proxy (MCD + Media)
D205,7,Historical Flooding Proxy (MCD + Media)
D206,7,Historical Flooding Proxy (MCD + Media)
D207,7,Historical Flooding Proxy (MCD + Media)
D208,7,Historical Flooding Proxy (MCD + Media)
D209,7,Historical Flooding Proxy (MCD + Media)
D210,7,Historical Flooding Proxy (MCD + Media)
D211,7,Historical Flooding Proxy (MCD + Media)
D212,7,Historical Flooding Proxy (MCD + Media)
D213,7,Historical Flooding Proxy (MCD + Media)
D214,7,Historical Flooding Proxy (MCD + Media)
D215,7,Historical Flooding Proxy (MCD + Media)
D216,8,Historical Flooding Proxy (MCD + Media)
D217,8,Historical Flooding Proxy (MCD + Media)
D218,8,Historical Flooding Proxy (MCD + Media)
D219,8,Historical Flooding Proxy (MCD + Media)
D220,8,Historical Flooding Proxy (MCD + Media)
D221,8,Historical Flooding Proxy (MCD + Media)
D222,8,Historical Flooding Proxy (MCD + Media)
D223,8,Historical Flooding Proxy (MCD + Media)
D224,8,Historical Flooding Proxy (MCD + Media)
D225,8,Historical Flooding Proxy (MCD + Media)
D226,8,Historical Flooding Proxy (MCD + Media)
D227,8,Historical Flooding Proxy (MCD + Media)
D228,8,Historical Flooding Proxy (MCD + Media)
D229,8,Historical Flooding Proxy (MCD + Media)
D230,8,Historical Flooding Proxy (MCD + Media)
D231,8,Historical Flooding Proxy (MCD + Media)
D232,8,Historical Flooding Proxy (MCD + Media)
D233,8,Historical Flooding Proxy (MCD + Media)
D234,8,Historical Flooding Proxy (MCD + Media)
D235,8,Historical Flooding Proxy (MCD + Media)
D236,8,Historical Flooding Proxy (MCD + Media)
D237,8,Historical Flooding Proxy (MCD + Media)
D238,8,Historical Flooding Proxy (MCD + Media)
D239,8,Historical Flooding Proxy (MCD + Media)
D240,8,Historical Flooding Proxy (MCD + Media)
D241,8,Historical Flooding Proxy (MCD + Media)
D242,8,Historical Flooding Proxy (MCD + Media)
D243,8,Historical Flooding Proxy (MCD + Media)
D244,8,Historical Flooding Proxy (MCD + Media)
D245,8,Historical Flooding Proxy (MCD + Media)
D246,8,Historical Flooding Proxy (MCD + Media)
D247,8,Historical Flooding Proxy (MCD + Media)
D248,8,Historical Flooding Proxy (MCD + Media)
D249,8,Historical Flooding Proxy (MCD + Media)
D250,8,Historical Flooding Proxy (MCD + Media)
